DB,UT,DI,PMID,TI,SO,JI,PY,DT,LA,TC,AU,AF,C1,RP,CR,DE,ID,AB,VL,IS,BP,EP,SR
SCOPUS,105037729839,10.1016/j.fuel.2026.139738,,Development of machine-learning-based early diagnostic technique for combustion instability in hydrogen–natural gas co-firing gas turbine combustors,FUEL,Fuel,2027,Article,English,0,[],[],[],,[],[],[],,427,,,,"NA, 2027, Fuel"
SCOPUS,105036641082,10.1016/j.fuel.2026.139624,,Modeling catalytic hydrodeoxygenation of lignin-derived phenolic compounds: A machine learning approach,FUEL,Fuel,2027,Article,English,0,[],[],[],,[],[],[],,427,,,,"NA, 2027, Fuel-a"
SCOPUS,105038733607,10.1016/j.jfoodeng.2026.113165,,A machine learning surrogate for finite element modelling of vacuum cooling in leafy vegetables: Real-Time prediction of heat and mass transfer,JOURNAL OF FOOD ENGINEERING,Journal of Food Engineering,2027,Article,English,0,[],[],[],,[],[],[],,420,,,,"NA, 2027, Journal of Food Engineering"
SCOPUS,105038611961,10.1016/j.fuel.2026.139908,,Prediction of laminar burning velocity of NH3/H2/air mixtures and NH3/CH4/air mixtures based on interpretable machine learning,FUEL,Fuel,2027,Article,English,0,[],[],[],,[],[],[],,427,,,,"NA, 2027, Fuel-a-b"
SCOPUS,105037726028,10.1016/j.fuel.2026.139711,,Machine learning estimation of H2/brine/rock wettability across geosystems for underground hydrogen storage,FUEL,Fuel,2027,Article,English,0,[],[],[],,[],[],[],,427,,,,"NA, 2027, Fuel-a-b-c"
SCOPUS,105038141666,10.1016/j.fuel.2026.139798,,Investigation on the suppression of Gas-Coaldust explosions in pipeline Networks by a physicochemical synergistic composite Suppressant: Integrated experimental and Machine learning potential simulation studies,FUEL,Fuel,2027,Article,English,0,[],[],[],,[],[],[],,427,,,,"NA, 2027, Fuel-a-b-c-d"
SCOPUS,105037812669,10.1016/j.fuel.2026.139691,,Accelerated prediction and parameter optimization of catalyst layer thermal conductivity through stochastic microstructure and machine learning,FUEL,Fuel,2027,Article,English,0,[],[],[],,[],[],[],,427,,,,"NA, 2027, Fuel-a-b-c-d-e"
SCOPUS,105038020790,10.1016/j.fuel.2026.139723,,An enhanced interpretable ML approach for forecasting long-term CO2 and N2O emissions via optimized random forest modeling,FUEL,Fuel,2027,Article,English,0,[],[],[],,[],[],[],,427,,,,"NA, 2027, Fuel-a-b-c-d-e-f"
SCOPUS,105038002790,10.1016/j.fuel.2026.139606,,Wettability of geological formations in a CO2 environment: Critical insights on macroscopic contact angle datasets,FUEL,Fuel,2027,Review,English,0,[],[],[],,[],[],[],,427,,,,"NA, 2027, Fuel-a-b-c-d-e-f-g"
SCOPUS,105038056458,10.1016/j.fuel.2026.139590,,Impurity effects on CO2 trapping indices: A numerical study for geological storage,FUEL,Fuel,2027,Article,English,0,[],[],[],,[],[],[],,427,,,,"NA, 2027, Fuel-a-b-c-d-e-f-g-h"
SCOPUS,105038787409,10.1016/j.fuel.2026.139841,,Fully elucidating catalyst-driven combustion mechanisms in double-base propellants through molecular dynamics simulations,FUEL,Fuel,2027,Article,English,0,[],[],[],,[],[],[],,427,,,,"NA, 2027, Fuel-a-b-c-d-e-f-g-h-i"
SCOPUS,105038054052,10.1016/j.jmst.2026.04.032,,Anisotropic irradiation response and phase transition of β-Ga2O3 under 10 MeV electron irradiation,JOURNAL OF MATERIALS SCIENCE AND TECHNOLOGY,Journal of Materials Science and Technology,2027,Article,English,0,[],[],[],,[],[],[],,276,,259,267,"NA, 2027, Journal of Materials Science and Technology"
SCOPUS,105039308062,10.1016/j.fuel.2026.139822,,Recent advances in applications of laser-induced breakdown spectroscopy (LIBS) in petroleum and petrochemical industry analysis,FUEL,Fuel,2027,Review,English,0,[],[],[],,[],[],[],,427,,,,"NA, 2027, Fuel-a-b-c-d-e-f-g-h-i-j"
SCOPUS,105029295650,10.61838/kman.intjssh.4381,,An Interactive Real-Time System for Pose Classification in Children’s Yoga and Kavayat Exercises,INTERNATIONAL JOURNAL OF SPORT STUDIES FOR HEALTH,International Journal of Sport Studies for Health,2026,Article,English,0,[],[],[],,[],[],[],,9,1,,,"NA, 2026, International Journal of Sport Studies for Health"
SCOPUS,105036456625,10.1080/19490976.2026.2644677,42015346,Gut microbiome and metabolic health: mechanisms and precision interventions,GUT MICROBES,Gut Microbes,2026,Review,English,0,[],[],[],,[],[],[],,18,1,2644677,,"NA, 2026, Gut Microbes"
SCOPUS,105036388522,10.35566/jbds/thakur,,Computational Approaches to Diabetes Risk Assessment: A Review of Data-Driven Techniques,JOURNAL OF BEHAVIORAL DATA SCIENCE,Journal of Behavioral Data Science,2026,Review,English,0,[],[],[],,[],[],[],,6,1,136,151,"NA, 2026, Journal of Behavioral Data Science"
SCOPUS,105037390623,10.36001/ijphm.2026.v17i1.4724,,Remaining Useful Life Estimation for Aircraft Engines with Risk-Aware Prediction Intervals via Conformalized Quantile Regression,INTERNATIONAL JOURNAL OF PROGNOSTICS AND HEALTH MANAGEMENT,International Journal of Prognostics and Health Management,2026,Article,English,0,[],[],[],,[],[],[],,17,1,1,16,"NA, 2026, International Journal of Prognostics and Health Management"
SCOPUS,105027458145,10.36001/ijphm.2026.v17i1.4567,,Artificial Intelligence Technologies for Aircraft Maintenance: A Systematic Literature Review,INTERNATIONAL JOURNAL OF PROGNOSTICS AND HEALTH MANAGEMENT,International Journal of Prognostics and Health Management,2026,Article,English,1,[],[],[],,[],[],[],,17,1,,,"NA, 2026, International Journal of Prognostics and Health Management-a"
SCOPUS,105036303879,10.1016/j.jmst.2026.02.052,,In-situ residual stress mitigation of laser powder bed fusion Ti-6.5Al-2Zr-1Mo-1V using an active learning framework,JOURNAL OF MATERIALS SCIENCE AND TECHNOLOGY,Journal of Materials Science and Technology,2026,Article,English,0,[],[],[],,[],[],[],,275,,212,223,"NA, 2026, Journal of Materials Science and Technology"
SCOPUS,105035711891,10.1016/j.jmst.2026.03.060,,An erosion-guided design paradigm for decoupling multi-field performance in extreme environments,JOURNAL OF MATERIALS SCIENCE AND TECHNOLOGY,Journal of Materials Science and Technology,2026,Article,English,0,[],[],[],,[],[],[],,275,,66,77,"NA, 2026, Journal of Materials Science and Technology-a"
SCOPUS,105035714819,10.1016/j.jmst.2026.04.007,,Sustainable electromagnetic wave management: Structural engineering based on bio-derived graphene hybrid carbon,JOURNAL OF MATERIALS SCIENCE AND TECHNOLOGY,Journal of Materials Science and Technology,2026,Review,English,0,[],[],[],,[],[],[],,275,,49,65,"NA, 2026, Journal of Materials Science and Technology-a-b"
SCOPUS,105037808745,10.12307/2026.404,,Xiao Ban Tong Mai Fang regulates autophagy via targeting miR-126-3p: bioinformatics analysis for prevention and treatment of atherosclerosis,CHINESE JOURNAL OF TISSUE ENGINEERING RESEARCH,Chinese Journal of Tissue Engineering Research,2026,Article,English,0,[],[],[],,[],[],[],,30,35,9355,9364,"NA, 2026, Chinese Journal of Tissue Engineering Research"
SCOPUS,105037763769,10.12307/2026.266,,Animal models of Parkinson’s disease: research status and trend analysis,CHINESE JOURNAL OF TISSUE ENGINEERING RESEARCH,Chinese Journal of Tissue Engineering Research,2026,Article,English,0,[],[],[],,[],[],[],,30,35,9345,9354,"NA, 2026, Chinese Journal of Tissue Engineering Research-a"
SCOPUS,105026592234,10.31127/tuje.1779491,,Analysis of Factors Affecting Academic Success with Machine Learning: Data-Driven Inferences in Education,TURKISH JOURNAL OF ENGINEERING,Turkish Journal of Engineering,2026,Article,English,0,[],[],[],,[],[],[],,10,1,48,62,"NA, 2026, Turkish Journal of Engineering"
SCOPUS,105026609992,10.31127/tuje.1786498,,Towards Reliable Truth Detection: Enhancing Fake News Classification with Hybrid Feature Engineering and Ensemble Learning,TURKISH JOURNAL OF ENGINEERING,Turkish Journal of Engineering,2026,Article,English,1,[],[],[],,[],[],[],,10,1,222,229,"NA, 2026, Turkish Journal of Engineering-a"
SCOPUS,105026585665,10.31127/tuje.1763321,,Feature Selection Approach to Optimize Depression Detection from EHR Data,TURKISH JOURNAL OF ENGINEERING,Turkish Journal of Engineering,2026,Article,English,1,[],[],[],,[],[],[],,10,1,116,128,"NA, 2026, Turkish Journal of Engineering-a-b"
SCOPUS,105035883096,10.1016/j.fuel.2026.139511,,Machine learning-guided catalyst selection for bio-oil hydrodeoxygenation to maximize hydrocarbon yields toward renewable naphtha and sustainable aviation fuel,FUEL,Fuel,2026,Article,English,1,[],[],[],,[],[],[],,426,,,,"NA, 2026, Fuel"
SCOPUS,105036533745,10.1016/j.fuel.2026.139591,,Machine learning-guided optimization of lignocellulose-derived biochar precursors with tailored properties for energy storage applications,FUEL,Fuel,2026,Article,English,1,[],[],[],,[],[],[],,426,,,,"NA, 2026, Fuel-a"
SCOPUS,105025464892,10.1109/OJPEL.2025.3643511,,Machine Learning-Based Package-Embedded Inductor Optimization for Integrated Voltage Regulators,IEEE OPEN JOURNAL OF POWER ELECTRONICS,IEEE Open Journal of Power Electronics,2026,Article,English,0,[],[],[],,[],[],[],,7,,106,117,"NA, 2026, IEEE Open Journal of Power Electronics"
SCOPUS,105036491403,10.1016/j.fuel.2026.139562,,Performance comparison of machine learning and GPU accelerated solvers in high-fidelity simulation of Cambridge stratified flames,FUEL,Fuel,2026,Article,English,0,[],[],[],,[],[],[],,426,,,,"NA, 2026, Fuel-a-b"
SCOPUS,105038978539,10.1016/j.cam.2026.117787,,Modified bi-inertial viscosity forward-backward splitting algorithms for inclusion problems: Application to breast cancer classification,JOURNAL OF COMPUTATIONAL AND APPLIED MATHEMATICS,Journal of Computational and Applied Mathematics,2026,Article,English,0,[],[],[],,[],[],[],,488,,,,"NA, 2026, Journal of Computational and Applied Mathematics"
SCOPUS,105036512712,10.1016/j.fuel.2026.139424,,"Aquifer identification and CO2 dissolution-storage potential in the Cretaceous Mannville Group of the Alberta oilsands region, Canada",FUEL,Fuel,2026,Article,English,0,[],[],[],,[],[],[],,426,,,,"NA, 2026, Fuel-a-b-c"
SCOPUS,105027285827,10.28927/SR.2026.005425,,Development of a low-cost Raspberry Pi-based electric piezocone system for cone penetration testing,SOILS AND ROCKS,Soils and Rocks,2026,Article,English,0,[],[],[],,[],[],[],,49,1,,,"NA, 2026, Soils and Rocks"
SCOPUS,105036427295,10.1016/j.fuel.2026.139573,,Fuel economy and emission optimization of spark-ignition pure methanol engine based on gradient boosting neural network and many-objective Bayesian optimization,FUEL,Fuel,2026,Article,English,0,[],[],[],,[],[],[],,426,,,,"NA, 2026, Fuel-a-b-c-d"
SCOPUS,105030904480,10.32687/0869-866X-2026-34-1-108-112,41723613,THE PRECISION APPROACH IN CONTEMPORARY NEUROSURGICAL PRACTICE: A REVIEW,PROBLEMY SOTSIAL NOI GIGIENY ZDRAVOOKHRANENIIA I ISTORII MEDITSINY,Problemy Sotsial Noi Gigieny Zdravookhraneniia I Istorii Meditsiny,2026,Review,English,0,[],[],[],,[],[],[],,34,1,108,112,"NA, 2026, Problemy Sotsial Noi Gigieny Zdravookhraneniia I Istorii Meditsiny"
SCOPUS,105029435952,10.1108/AEAT-09-2025-0308,,Surrogate model-assisted machine learning optimization of aerospace coating deposition processes for enhanced performance and uniformity,AIRCRAFT ENGINEERING AND AEROSPACE TECHNOLOGY,Aircraft Engineering and Aerospace Technology,2026,Article,English,0,[],[],[],,[],[],[],,98,11,1,9,"NA, 2026, Aircraft Engineering and Aerospace Technology"
SCOPUS,105026627624,10.1108/IJLSS-03-2025-0047,,Project portfolio selection and prioritization through supervised machine learning in continuous improvement projects,INTERNATIONAL JOURNAL OF LEAN SIX SIGMA,International Journal of Lean Six Sigma,2026,Article,English,0,[],[],[],,[],[],[],,17,8,27,55,"NA, 2026, International Journal of Lean Six Sigma"
SCOPUS,105033409711,10.1108/ECAM-04-2024-0427,,Strategies for enhancing construction digitalisation: a machine learning-based sensitivity analysis,ENGINEERING CONSTRUCTION AND ARCHITECTURAL MANAGEMENT,Engineering Construction and Architectural Management,2026,Article,English,0,[],[],[],,[],[],[],,33,15,115,136,"NA, 2026, Engineering Construction and Architectural Management"
SCOPUS,105028864081,10.1108/JAOC-05-2025-0166,,Corporate financial distress prediction: a machine learning approach in the era of big data,JOURNAL OF ACCOUNTING AND ORGANIZATIONAL CHANGE,Journal of Accounting and Organizational Change,2026,Article,English,1,[],[],[],,[],[],[],,22,7,31,65,"NA, 2026, Journal of Accounting and Organizational Change"
SCOPUS,105035612405,10.1108/MD-04-2025-0988,,Fostering employees' adoption of machine learning-enabled technologies in asset pricing,MANAGEMENT DECISION,Management Decision,2026,Article,English,0,[],[],[],,[],[],[],,64,13,85,125,"NA, 2026, Management Decision"
SCOPUS,105033502378,10.1108/JAL-12-2025-0693,,What accountants need to know about artificial intelligence and machine learning: a review and call for future research,JOURNAL OF ACCOUNTING LITERATURE,Journal of Accounting Literature,2026,Review,English,1,[],[],[],,[],[],[],,48,5,133,158,"NA, 2026, Journal of Accounting Literature"
SCOPUS,105035593933,10.1108/JHTI-10-2025-1183,,A methodological scoping review for video analysis in hospitality research,JOURNAL OF HOSPITALITY AND TOURISM INSIGHTS,Journal of Hospitality and Tourism Insights,2026,Review,English,0,[],[],[],,[],[],[],,9,11,60,81,"NA, 2026, Journal of Hospitality and Tourism Insights"
SCOPUS,105028653571,10.1108/JOSM-01-2025-0035,,Augmenting human service agents with intelligent technologies,JOURNAL OF SERVICE MANAGEMENT,Journal of Service Management,2026,Review,English,0,[],[],[],,[],[],[],,37,6,26,49,"NA, 2026, Journal of Service Management"
SCOPUS,105026662464,10.1108/ECAM-11-2024-1531,,Intentions prediction for human–robot collaboration in utility tunnel maintenance,ENGINEERING CONSTRUCTION AND ARCHITECTURAL MANAGEMENT,Engineering Construction and Architectural Management,2026,Article,English,0,[],[],[],,[],[],[],,33,15,1,21,"NA, 2026, Engineering Construction and Architectural Management-a"
SCOPUS,105036575859,10.46634/riics.535,,Explainable Machine Learning to Understand the Social and Biological Determinants of Type 2 Diabetes in Mexico,REVISTA DE INVESTIGACION E INNOVACION EN CIENCIAS DE LA SALUD,Revista De Investigacion E Innovacion En Ciencias De La Salud,2026,Article,English,0,[],[],[],,[],[],[],,8,2,1,15,"NA, 2026, Revista De Investigacion E Innovacion En Ciencias De La Salud"
SCOPUS,105026815762,10.1590/1983-40632026v5683415,,Innovations in lettuce seed pelleting: sustainable materials and machine learning analysis,PESQUISA AGROPECUARIA TROPICAL,Pesquisa Agropecuaria Tropical,2026,Article,English,0,[],[],[],,[],[],[],,56,,,,"NA, 2026, Pesquisa Agropecuaria Tropical"
SCOPUS,105028211049,10.34190/ejel.24.1.4409,,AI-Supported Learning in Online Discussion Forums: A Scoping Review,ELECTRONIC JOURNAL OF E LEARNING,Electronic Journal of E Learning,2026,Article,English,1,[],[],[],,[],[],[],,24,1,19,35,"NA, 2026, Electronic Journal of E Learning"
SCOPUS,105032652153,10.1590/1679-7825/e8817,,Predicting the Punching Shear Capacity of RC Slab-Column Connections with FRP Bars Using Machine Learning Based Algorithms,LATIN AMERICAN JOURNAL OF SOLIDS AND STRUCTURES,Latin American Journal of Solids and Structures,2026,Article,English,0,[],[],[],,[],[],[],,23,2,,,"NA, 2026, Latin American Journal of Solids and Structures"
SCOPUS,105025992333,10.4108/airo.9975,,AI-Driven Predictive Maintenance in Infrastructure and Facilities Management,EAI ENDORSED TRANSACTIONS ON AI AND ROBOTICS,Eai Endorsed Transactions on AI and Robotics,2026,Article,English,1,[],[],[],,[],[],[],,5,,,,"NA, 2026, Eai Endorsed Transactions on AI and Robotics"
SCOPUS,105024492660,10.1109/JSTARS.2025.3640403,,Elevation and Vegetation Cover Dominate Inter-Basin Water Use Efficiency Patterns in China,IEEE JOURNAL OF SELECTED TOPICS IN APPLIED EARTH OBSERVATIONS AND REMOTE SENSING,IEEE Journal of Selected Topics in Applied Earth Observations and Remote Sensing,2026,Article,English,0,[],[],[],,[],[],[],,19,,1533,1548,"NA, 2026, IEEE Journal of Selected Topics in Applied Earth Observations and Remote Sensing"
SCOPUS,105030493245,10.1140/epjqt/s40507-026-00463-5,,Quantum-driven enhanced machine learning algorithm for intrusion detection in Internet of things environment,EPJ QUANTUM TECHNOLOGY,EPJ Quantum Technology,2026,Article,English,0,[],[],[],,[],[],[],,13,1,,,"NA, 2026, EPJ Quantum Technology"
SCOPUS,105029946316,10.1140/epjqt/s40507-025-00459-7,,Encrypted network traffic analysis using quantum machine learning,EPJ QUANTUM TECHNOLOGY,EPJ Quantum Technology,2026,Article,English,0,[],[],[],,[],[],[],,13,1,,,"NA, 2026, EPJ Quantum Technology-a"
SCOPUS,105033972545,10.1007/s44251-025-00113-5,,"Machine learning in thermal spraying: applications, challenges, and future perspectives",SURFACE SCIENCE AND TECHNOLOGY,Surface Science and Technology,2026,Review,English,0,[],[],[],,[],[],[],,4,1,,,"NA, 2026, Surface Science and Technology"
SCOPUS,105034758575,10.1186/s12911-026-03390-8,41736115,Acute respiratory infections prediction through social media data and machine learning: a systematic review,BMC MEDICAL INFORMATICS AND DECISION MAKING,BMC Medical Informatics and Decision Making,2026,Review,English,0,[],[],[],,[],[],[],,26,1,,,"NA, 2026, BMC Medical Informatics and Decision Making"
SCOPUS,105035846933,10.1038/s41524-026-01996-0,,Domain features-informed two-step machine learning: accelerating the search for superlubric heterostructures,NPJ COMPUTATIONAL MATERIALS,Npj Computational Materials,2026,Article,English,0,[],[],[],,[],[],[],,12,1,,,"NA, 2026, Npj Computational Materials"
SCOPUS,105030084294,10.1038/s41598-026-37098-6,41593127,Integrating machine learning and physics-based modeling for predictive design of gemcitabine-loaded nanocomposites,SCIENTIFIC REPORTS,Scientific Reports,2026,Article,English,1,[],[],[],,[],[],[],,16,1,,,"NA, 2026, Scientific Reports"
SCOPUS,105030933944,10.1007/s41060-025-01006-4,,Robustness under noise: assessing the impact of perturbed key attributes on machine learning models,INTERNATIONAL JOURNAL OF DATA SCIENCE AND ANALYTICS,International Journal of Data Science and Analytics,2026,Article,English,0,[],[],[],,[],[],[],,22,1,,,"NA, 2026, International Journal of Data Science and Analytics"
SCOPUS,105030923590,10.1007/s44163-026-00946-5,,A conceptual model for machine learning based noninvasive gastric cancer diagnosis using serum biomarkers,DISCOVER ARTIFICIAL INTELLIGENCE,Discover Artificial Intelligence,2026,Review,English,1,[],[],[],,[],[],[],,6,1,,,"NA, 2026, Discover Artificial Intelligence"
SCOPUS,105033702589,10.1007/s44163-025-00785-w,,Machine learning integration in cryptocurrency trading and its fintech implications,DISCOVER ARTIFICIAL INTELLIGENCE,Discover Artificial Intelligence,2026,Review,English,0,[],[],[],,[],[],[],,6,1,,,"NA, 2026, Discover Artificial Intelligence-a"
SCOPUS,105028505998,10.1038/s41598-025-32857-3,41402544,Machine learning prediction of long-term sickness absence due to mental disorders using Brief Job Stress Questionnaire data,SCIENTIFIC REPORTS,Scientific Reports,2026,Article,English,0,[],[],[],,[],[],[],,16,1,,,"NA, 2026, Scientific Reports-a"
SCOPUS,105036439604,10.1007/s44163-026-01048-y,,A comprehensive comparative analysis of machine learning algorithms in heart disease prediction,DISCOVER ARTIFICIAL INTELLIGENCE,Discover Artificial Intelligence,2026,Article,English,0,[],[],[],,[],[],[],,6,1,,,"NA, 2026, Discover Artificial Intelligence-a-b"
SCOPUS,105028918560,10.1007/s10791-026-09956-4,,Privacy preserving epileptic seizure recognition using federated and explainable machine learning,DISCOVER COMPUTING,Discover Computing,2026,Article,English,1,[],[],[],,[],[],[],,29,1,,,"NA, 2026, Discover Computing"
SCOPUS,105030864116,10.1186/s13049-026-01565-w,41618456,Prognostic value of machine learning for brain computed tomography as a predictor of neurologic outcomes after cardiac arrest: a systematic review and meta-analysis,SCANDINAVIAN JOURNAL OF TRAUMA RESUSCITATION AND EMERGENCY MEDICINE,Scandinavian Journal of Trauma Resuscitation and Emergency Medicine,2026,Review,English,0,[],[],[],,[],[],[],,34,1,,,"NA, 2026, Scandinavian Journal of Trauma Resuscitation and Emergency Medicine"
SCOPUS,105033826588,10.1007/s10115-026-02720-6,,A model-based approach for guided parameter exploration in machine learning classifiers,KNOWLEDGE AND INFORMATION SYSTEMS,Knowledge and Information Systems,2026,Article,English,0,[],[],[],,[],[],[],,68,1,,,"NA, 2026, Knowledge and Information Systems"
SCOPUS,105037222161,10.1186/s40854-026-00927-8,,Machine learning-based portfolio optimization: comparative analysis with the all-weather portfolio strategy,FINANCIAL INNOVATION,Financial Innovation,2026,Article,English,0,[],[],[],,[],[],[],,12,1,,,"NA, 2026, Financial Innovation"
SCOPUS,105027440757,10.1038/s41524-025-01873-2,,Machine learning for phase prediction of high entropy carbide ceramics from imbalanced data,NPJ COMPUTATIONAL MATERIALS,Npj Computational Materials,2026,Article,English,16,[],[],[],,[],[],[],,12,1,,,"NA, 2026, Npj Computational Materials-a"
SCOPUS,105038028854,10.1007/s10751-026-02541-7,,Prediction and interpretation of mechanical properties of date palm fiber reinforced areca nut husk biofiller composites using explainable machine learning,INTERACTIONS,Interactions,2026,Article,English,0,[],[],[],,[],[],[],,247,1,,,"NA, 2026, Interactions"
SCOPUS,105033856651,10.1186/s12877-026-07090-w,41663995,Research on fall prediction in elderly patients with chronic diseases based on explainable machine learning: an aging perspective,BMC GERIATRICS,BMC Geriatrics,2026,Article,English,0,[],[],[],,[],[],[],,26,1,,,"NA, 2026, BMC Geriatrics"
SCOPUS,105033935216,10.1007/s44199-026-00165-y,,Predictive Modeling of Domestic Violence in India: A Machine Learning Perspective,JOURNAL OF STATISTICAL THEORY AND APPLICATIONS,Journal of Statistical Theory and Applications,2026,Article,English,0,[],[],[],,[],[],[],,25,1,,,"NA, 2026, Journal of Statistical Theory and Applications"
SCOPUS,105035058353,10.1007/s41939-026-01214-w,,Machine learning as a reliable tool for compressive strength prediction in pa6-cf,MULTISCALE AND MULTIDISCIPLINARY MODELING EXPERIMENTS AND DESIGN,Multiscale and Multidisciplinary Modeling Experiments and Design,2026,Article,English,0,[],[],[],,[],[],[],,9,1,,,"NA, 2026, Multiscale and Multidisciplinary Modeling Experiments and Design"
SCOPUS,105031808061,10.1038/s41598-026-39392-9,41667615,Comparative performance analysis of quantum feature maps for quantum kernel-based machine learning,SCIENTIFIC REPORTS,Scientific Reports,2026,Article,English,0,[],[],[],,[],[],[],,16,1,,,"NA, 2026, Scientific Reports-a-b"
SCOPUS,105030452822,10.1038/s41598-026-35508-3,41620510,Design and implementation of a 6-DoF robot arm control with object detection based on machine learning using mini microcontroller,SCIENTIFIC REPORTS,Scientific Reports,2026,Article,English,0,[],[],[],,[],[],[],,16,1,,,"NA, 2026, Scientific Reports-a-b-c"
SCOPUS,105026487023,10.1038/s41598-025-29404-5,41310013,Machine learning-based risk prediction model development for acute kidney injury in type 2 myocardial infarction patients,SCIENTIFIC REPORTS,Scientific Reports,2026,Article,English,0,[],[],[],,[],[],[],,16,1,,,"NA, 2026, Scientific Reports-a-b-c-d"
SCOPUS,105028671674,10.1038/s41598-025-33639-7,41507256,BEmXRD-Nets framework for novel machine learning models to predict crystal energy with diversity structures,SCIENTIFIC REPORTS,Scientific Reports,2026,Article,English,0,[],[],[],,[],[],[],,16,1,,,"NA, 2026, Scientific Reports-a-b-c-d-e"
SCOPUS,105035341807,10.1186/s12911-026-03411-6,41764481,Predicting the severity of COVID-19 using machine learning methods,BMC MEDICAL INFORMATICS AND DECISION MAKING,BMC Medical Informatics and Decision Making,2026,Article,English,0,[],[],[],,[],[],[],,26,1,,,"NA, 2026, BMC Medical Informatics and Decision Making-a"
SCOPUS,105035341807,10.1186/s12911-026-03411-6,41764481,Predicting the severity of COVID-19 using machine learning methods,BMC MEDICAL INFORMATICS AND DECISION MAKING,BMC Medical Informatics and Decision Making,2026,Article,English,0,[],[],[],,[],[],[],,26,1,,,"NA, 2026, BMC Medical Informatics and Decision Making-a-b"
SCOPUS,105034054805,10.1007/s43503-026-00087-9,,Machine learning-based prediction of the structural performance of a long-bolted steel connection,AI IN CIVIL ENGINEERING,AI in Civil Engineering,2026,Article,English,0,[],[],[],,[],[],[],,5,1,,,"NA, 2026, AI in Civil Engineering"
SCOPUS,105034915246,10.1186/s10194-026-02346-7,41913100,Forecasting migraine with time-series machine learning from mobile health data,JOURNAL OF HEADACHE AND PAIN,Journal of Headache and Pain,2026,Article,English,0,[],[],[],,[],[],[],,27,1,,,"NA, 2026, Journal of Headache and Pain"
SCOPUS,105029304221,10.1038/s41598-025-34934-z,41495381,Prediction of recovery grade in Bell’s palsy using machine learning models,SCIENTIFIC REPORTS,Scientific Reports,2026,Article,English,1,[],[],[],,[],[],[],,16,1,,,"NA, 2026, Scientific Reports-a-b-c-d-e-f"
SCOPUS,105029582021,10.1038/s41598-026-36047-7,41530511,A machine learning approach for opioid overdose risk prediction among Alabama Medicaid beneficiaries with opioid prescriptions,SCIENTIFIC REPORTS,Scientific Reports,2026,Article,English,0,[],[],[],,[],[],[],,16,1,,,"NA, 2026, Scientific Reports-a-b-c-d-e-f-g"
SCOPUS,105026379656,10.1007/s10791-025-09800-1,,EEPM a hybrid evolutionary and machine learning-based approach for efficient ODE integration,DISCOVER COMPUTING,Discover Computing,2026,Article,English,0,[],[],[],,[],[],[],,29,1,,,"NA, 2026, Discover Computing-a"
SCOPUS,105027977183,10.1007/s13278-025-01552-6,,A sophisticated feature vectorization-based stacked machine learning approach for fake news detection in Bangla and English,SOCIAL NETWORK ANALYSIS AND MINING,Social Network Analysis and Mining,2026,Article,English,0,[],[],[],,[],[],[],,16,1,,,"NA, 2026, Social Network Analysis and Mining"
SCOPUS,105030904536,10.1007/s10238-025-02001-6,41723787,Screening and validation of potential molecular markers for colorectal cancer: based on bioinformatics analysis and machine learning,CLINICAL AND EXPERIMENTAL MEDICINE,Clinical and Experimental Medicine,2026,Article,English,0,[],[],[],,[],[],[],,26,1,,,"NA, 2026, Clinical and Experimental Medicine"
SCOPUS,105035058111,10.1186/s40537-026-01385-w,,"Knowledge tracing model based on human-machine collaboration: an analysis of the impact of perceptual ambiguity, selective attention, and heuristic judgment on learning performance",JOURNAL OF BIG DATA,Journal of Big Data,2026,Article,English,0,[],[],[],,[],[],[],,13,1,,,"NA, 2026, Journal of Big Data"
SCOPUS,105029717766,10.1038/s41598-026-36402-8,41554918,Quantifying women’s water polo overhead movement volumes using inertial measurement units and machine learning techniques: a cross-sectional study,SCIENTIFIC REPORTS,Scientific Reports,2026,Article,English,0,[],[],[],,[],[],[],,16,1,,,"NA, 2026, Scientific Reports-a-b-c-d-e-f-g-h"
SCOPUS,105036633492,10.1186/s13059-026-04006-0,41736096,Reducing demographic bias in biomedical machine learning for cancer detection using cfDNA methylation,GENOME BIOLOGY,Genome Biology,2026,Article,English,0,[],[],[],,[],[],[],,27,1,,,"NA, 2026, Genome Biology"
SCOPUS,105027563163,10.1038/s40494-026-02301-4,,Explainable machine learning-based classification of traditional Korean ceramics using XRF chemical composition data,NPJ HERITAGE SCIENCE,Npj Heritage Science,2026,Article,English,0,[],[],[],,[],[],[],,14,1,,,"NA, 2026, Npj Heritage Science"
SCOPUS,105031688150,10.1038/s41598-025-32041-7,41771965,An integrated physics-guided machine learning approach for predicting asphalt concrete fracture parameters,SCIENTIFIC REPORTS,Scientific Reports,2026,Article,English,0,[],[],[],,[],[],[],,16,1,,,"NA, 2026, Scientific Reports-a-b-c-d-e-f-g-h-i"
SCOPUS,105027516551,10.1007/s44163-025-00649-3,,"Enhancing breast cancer detection accuracy through machine learning, deep learning and transfer learning techniques for clinical practice",DISCOVER ARTIFICIAL INTELLIGENCE,Discover Artificial Intelligence,2026,Review,English,1,[],[],[],,[],[],[],,6,1,,,"NA, 2026, Discover Artificial Intelligence-a-b-c"
SCOPUS,105037356621,10.1186/s12917-026-05294-1,41851717,Recognising dog movement with behaviour-specific machine learning models: bout length as a biologically relevant parameter for window size,BMC VETERINARY RESEARCH,BMC Veterinary Research,2026,Article,English,0,[],[],[],,[],[],[],,22,1,,,"NA, 2026, BMC Veterinary Research"
SCOPUS,105029081587,10.1007/s11220-025-00714-2,,Wavelength-Dependent Optical Sensing of Glucose in Aqueous Solution Supported by Machine Learning,SENSING AND IMAGING,Sensing and Imaging,2026,Article,English,0,[],[],[],,[],[],[],,27,1,,,"NA, 2026, Sensing and Imaging"
SCOPUS,105029097266,10.1038/s41467-025-67982-0,41476173,Domain oriented universal machine learning potential enables fast exploration of chemical space of battery electrolytes,NATURE COMMUNICATIONS,Nature Communications,2026,Article,English,5,[],[],[],,[],[],[],,17,1,,,"NA, 2026, Nature Communications"
SCOPUS,105027276972,10.1186/s12911-025-03296-x,41361420,Early diagnosis of Alzheimer’s disease using machine learning and blood biomarkers,BMC MEDICAL INFORMATICS AND DECISION MAKING,BMC Medical Informatics and Decision Making,2026,Article,English,0,[],[],[],,[],[],[],,26,1,,,"NA, 2026, BMC Medical Informatics and Decision Making-a-b-c"
SCOPUS,105029817815,10.1038/s41598-026-36758-x,41565984,A machine learning approach for predicting osmotic coefficients and deriving activity coefficients in alkyl ammonium salts,SCIENTIFIC REPORTS,Scientific Reports,2026,Article,English,0,[],[],[],,[],[],[],,16,1,,,"NA, 2026, Scientific Reports-a-b-c-d-e-f-g-h-i-j"
SCOPUS,105033418807,10.1007/s41939-025-01127-0,,Impact of activation energy on hybrid nanofluid flow dynamics at stagnation point in porous media: a machine learning-integrated Darcy-Forchheimer and bio-convective approach,MULTISCALE AND MULTIDISCIPLINARY MODELING EXPERIMENTS AND DESIGN,Multiscale and Multidisciplinary Modeling Experiments and Design,2026,Article,English,0,[],[],[],,[],[],[],,9,1,,,"NA, 2026, Multiscale and Multidisciplinary Modeling Experiments and Design-a"
SCOPUS,105038634821,10.1007/s41060-026-01133-6,,A machine learning analysis to identify biomarkers on Holter data of white matter lesions in Fabry disease patients,INTERNATIONAL JOURNAL OF DATA SCIENCE AND ANALYTICS,International Journal of Data Science and Analytics,2026,Article,English,0,[],[],[],,[],[],[],,22,1,,,"NA, 2026, International Journal of Data Science and Analytics-a"
SCOPUS,105026785924,10.1007/s13755-025-00419-6,,Determination of cardiopulmonary resuscitation quality based on machine learning algorithms using various biological signals,HEALTH INFORMATION SCIENCE AND SYSTEMS,Health Information Science and Systems,2026,Article,English,0,[],[],[],,[],[],[],,14,1,,,"NA, 2026, Health Information Science and Systems"
SCOPUS,105027584190,10.1186/s43163-026-00998-5,,An interpretable machine learning approach for predicting high-frequency hearing loss risk in occupational workers,EGYPTIAN JOURNAL OF OTOLARYNGOLOGY,Egyptian Journal of Otolaryngology,2026,Article,English,0,[],[],[],,[],[],[],,42,1,,,"NA, 2026, Egyptian Journal of Otolaryngology"
SCOPUS,105036407202,10.1007/s44163-026-01005-9,,Sea animal image classification using machine learning algorithms for accurate and scalable prediction,DISCOVER ARTIFICIAL INTELLIGENCE,Discover Artificial Intelligence,2026,Article,English,0,[],[],[],,[],[],[],,6,1,,,"NA, 2026, Discover Artificial Intelligence-a-b-c-d"
SCOPUS,105029591964,10.1186/s12911-025-03329-5,41526920,Accurate and efficient data-driven psychiatric assessment using machine learning,BMC MEDICAL INFORMATICS AND DECISION MAKING,BMC Medical Informatics and Decision Making,2026,Article,English,0,[],[],[],,[],[],[],,26,1,,,"NA, 2026, BMC Medical Informatics and Decision Making-a-b-c-d"
SCOPUS,105029776038,10.1186/s12951-025-03952-4,41546050,Machine learning for extracellular vesicles enables diagnostic and therapeutic nanobiotechnology,JOURNAL OF NANOBIOTECHNOLOGY,Journal of Nanobiotechnology,2026,Review,English,8,[],[],[],,[],[],[],,24,1,,,"NA, 2026, Journal of Nanobiotechnology"
SCOPUS,105027521131,10.1038/s41598-025-31716-5,41388012,Design a model to predict incomplete immunization among Ethiopian children using ensemble machine learning algorithms,SCIENTIFIC REPORTS,Scientific Reports,2026,Article,English,1,[],[],[],,[],[],[],,16,1,,,"NA, 2026, Scientific Reports-a-b-c-d-e-f-g-h-i-j-k"
SCOPUS,105026960392,10.1038/s41598-025-30905-6,41326723,NERHF: a hybrid machine learning-driven efficient credit risk control framework,SCIENTIFIC REPORTS,Scientific Reports,2026,Article,English,1,[],[],[],,[],[],[],,16,1,,,"NA, 2026, Scientific Reports-a-b-c-d-e-f-g-h-i-j-k-l"
SCOPUS,105030603656,10.1186/s40069-026-00888-3,,Prediction of the Shear Strength of Steel-Fiber-Reinforced Concrete Using a Swarm Intelligence Based Extreme-Learning Machine,INTERNATIONAL JOURNAL OF CONCRETE STRUCTURES AND MATERIALS,International Journal of Concrete Structures and Materials,2026,Article,English,0,[],[],[],,[],[],[],,20,1,,,"NA, 2026, International Journal of Concrete Structures and Materials"
SCOPUS,105030213793,10.1186/s42400-025-00497-9,,A real-time machine-learning model for detecting and mitigating DDoS attacks,CYBERSECURITY,Cybersecurity,2026,Article,English,1,[],[],[],,[],[],[],,9,1,,,"NA, 2026, Cybersecurity"
SCOPUS,105026950164,10.1038/s41598-025-30431-5,41331315,Establishment and validation of a diagnostic model for cholangiocarcinoma based on LightGBM machine-learning algorithm,SCIENTIFIC REPORTS,Scientific Reports,2026,Article,English,0,[],[],[],,[],[],[],,16,1,,,"NA, 2026, Scientific Reports-a-b-c-d-e-f-g-h-i-j-k-l-m"
SCOPUS,105029796997,10.1038/s41598-026-37159-w,41571745,Machine learning for predicting functional outcomes in acute ischemic stroke: insights from a nationwide stroke registry,SCIENTIFIC REPORTS,Scientific Reports,2026,Article,English,1,[],[],[],,[],[],[],,16,1,,,"NA, 2026, Scientific Reports-a-b-c-d-e-f-g-h-i-j-k-l-m-n"
SCOPUS,105036203789,10.1007/s44163-026-01001-z,,Applying machine learning to eye-tracking data for autism identification in high-functioning adults,DISCOVER ARTIFICIAL INTELLIGENCE,Discover Artificial Intelligence,2026,Article,English,0,[],[],[],,[],[],[],,6,1,,,"NA, 2026, Discover Artificial Intelligence-a-b-c-d-e"
SCOPUS,105029318346,10.1186/s13005-025-00580-z,41430696,Interpretable machine learning with multimodal hearing data for diagnosing endolymphatic hydrops,HEAD AND FACE MEDICINE,Head and Face Medicine,2026,Article,English,0,[],[],[],,[],[],[],,22,1,,,"NA, 2026, Head and Face Medicine"
SCOPUS,105030443685,10.1007/s13278-025-01568-y,,Media analytics via machine learning: social media engagement prediction for TV channels,SOCIAL NETWORK ANALYSIS AND MINING,Social Network Analysis and Mining,2026,Article,English,0,[],[],[],,[],[],[],,16,1,,,"NA, 2026, Social Network Analysis and Mining-a"
SCOPUS,105035044316,10.1007/s44163-026-00993-y,,"Sexual life after prostatectomy, analysis through machine learning and statistical methods",DISCOVER ARTIFICIAL INTELLIGENCE,Discover Artificial Intelligence,2026,Article,English,0,[],[],[],,[],[],[],,6,1,,,"NA, 2026, Discover Artificial Intelligence-a-b-c-d-e-f"
SCOPUS,105027677146,10.1186/s12903-025-07482-1,41454320,Texture-based image feature analysis for the classification of oral squamous cell carcinoma using machine learning approach,BMC ORAL HEALTH,BMC Oral Health,2026,Article,English,1,[],[],[],,[],[],[],,26,1,,,"NA, 2026, BMC Oral Health"
SCOPUS,105035152495,10.1038/s41746-026-02468-x,,Machine learning–guided Huanglian Jiedu decoction targets STING in periodontitis-induced Alzheimer’s Disease,NPJ DIGITAL MEDICINE,Npj Digital Medicine,2026,Article,English,0,[],[],[],,[],[],[],,9,1,,,"NA, 2026, Npj Digital Medicine"
SCOPUS,105038391191,10.1038/s41597-026-06552-5,41771882,SuryaBench: Benchmark Dataset for Advancing Machine Learning in Heliophysics and Space Weather Prediction,SCIENTIFIC DATA,Scientific Data,2026,Data Paper,English,0,[],[],[],,[],[],[],,13,1,,,"NA, 2026, Scientific Data"
SCOPUS,105030469724,10.1038/s41598-026-37690-w,41629586,Spectroscopic and machine learning approaches for clinical subtyping in systemic sclerosis,SCIENTIFIC REPORTS,Scientific Reports,2026,Article,English,0,[],[],[],,[],[],[],,16,1,,,"NA, 2026, Scientific Reports-a-b-c-d-e-f-g-h-i-j-k-l-m-n-o"
SCOPUS,105029561713,10.1007/s43621-025-02579-7,,Nowcasting CO2 emissions in Bangladesh: a machine learning approach,DISCOVER SUSTAINABILITY,Discover Sustainability,2026,Article,English,1,[],[],[],,[],[],[],,7,1,,,"NA, 2026, Discover Sustainability"
SCOPUS,105036171744,10.1186/s12872-026-05724-w,41826824,Risk factor analysis and machine learning-based prediction model for type 4b acute myocardial infarction induced by very late stent thrombosis,BMC CARDIOVASCULAR DISORDERS,BMC Cardiovascular Disorders,2026,Article,English,0,[],[],[],,[],[],[],,26,1,,,"NA, 2026, BMC Cardiovascular Disorders"
SCOPUS,105026876666,10.1007/s10791-025-09900-y,,A hybrid machine learning and centrality framework for key node identification in complex networks,DISCOVER COMPUTING,Discover Computing,2026,Article,English,1,[],[],[],,[],[],[],,29,1,,,"NA, 2026, Discover Computing-a-b"
SCOPUS,105035919878,10.1186/s12888-026-07956-8,41795073,Integrative analysis via bioinformatics and machine learning identifies SERPING1 as a biomarker candidate for major depressive disorder,BMC PSYCHIATRY,BMC Psychiatry,2026,Article,English,0,[],[],[],,[],[],[],,26,1,,,"NA, 2026, BMC Psychiatry"
SCOPUS,105033842390,10.1186/s40562-026-00458-1,,"Landslide susceptibility assessment using feature selection-based machine learning models: RF, SVM, and LR applications in Rif, Morocco",GEOSCIENCE LETTERS,Geoscience Letters,2026,Article,English,0,[],[],[],,[],[],[],,13,1,,,"NA, 2026, Geoscience Letters"
SCOPUS,105035340156,10.1007/s10791-026-10057-5,,Quantum inspired algorithms for sustainable artificial intelligence and energy efficient machine learning optimisation,DISCOVER COMPUTING,Discover Computing,2026,Article,English,0,[],[],[],,[],[],[],,29,1,,,"NA, 2026, Discover Computing-a-b-c"
SCOPUS,105035055188,10.1007/s44163-026-00932-x,,A comprehensive review and bibliometric analysis of machine learning methods for breast cancer prediction,DISCOVER ARTIFICIAL INTELLIGENCE,Discover Artificial Intelligence,2026,Review,English,0,[],[],[],,[],[],[],,6,1,,,"NA, 2026, Discover Artificial Intelligence-a-b-c-d-e-f-g"
SCOPUS,105029693998,10.1007/s44163-026-00842-y,,Machine learning methods for detecting depression in Arabic tweets: a comprehensive performance analysis with enhanced evaluation metrics,DISCOVER ARTIFICIAL INTELLIGENCE,Discover Artificial Intelligence,2026,Article,English,0,[],[],[],,[],[],[],,6,1,,,"NA, 2026, Discover Artificial Intelligence-a-b-c-d-e-f-g-h"
SCOPUS,105035000505,10.1038/s41524-026-01976-4,,Incongruent melting and phase diagram of SiC from machine learning molecular dynamics,NPJ COMPUTATIONAL MATERIALS,Npj Computational Materials,2026,Article,English,0,[],[],[],,[],[],[],,12,1,,,"NA, 2026, Npj Computational Materials-a-b"
SCOPUS,105030939041,10.1007/s10751-026-02378-0,,"Exploring SVM, XG Boost, and KNN Machine Learning models for machining Performance of EDM In Titanium Alloys for Accurate Prediction",INTERACTIONS,Interactions,2026,Article,English,0,[],[],[],,[],[],[],,247,1,,,"NA, 2026, Interactions-a"
SCOPUS,105035069848,10.1186/s12982-026-01732-5,,Predicting the highly imbalanced hepatitis B virus infection outcome in Chinese middle-aged and older adults using an ensemble machine learning approach,DISCOVER PUBLIC HEALTH,Discover Public Health,2026,Article,English,0,[],[],[],,[],[],[],,23,1,,,"NA, 2026, Discover Public Health"
SCOPUS,105035000505,10.1038/s41524-026-01976-4,,Incongruent melting and phase diagram of SiC from machine learning molecular dynamics,NPJ COMPUTATIONAL MATERIALS,Npj Computational Materials,2026,Article,English,0,[],[],[],,[],[],[],,12,1,,,"NA, 2026, Npj Computational Materials-a-b-c"
SCOPUS,105035641007,10.1186/s12885-026-15828-3,41787322,Identification and validation of an ultrasound-based interpretable machine learning model for the preoperative evaluation of microvascular invasion in patients with hepatocellular carcinoma,BMC CANCER,BMC Cancer,2026,Article,English,0,[],[],[],,[],[],[],,26,1,,,"NA, 2026, BMC Cancer"
SCOPUS,105033657523,10.1007/s44163-026-00925-w,,Machine learning models for predicting caesarean section delivery among women in Ethiopia,DISCOVER ARTIFICIAL INTELLIGENCE,Discover Artificial Intelligence,2026,Article,English,0,[],[],[],,[],[],[],,6,1,,,"NA, 2026, Discover Artificial Intelligence-a-b-c-d-e-f-g-h-i"
SCOPUS,105035265629,10.1007/s00423-026-04014-5,41949664,Machine learning nomograms for gastric cancer: addressing data limitations in SEER-based models,LANGENBECK S ARCHIVES OF SURGERY,Langenbeck S Archives of Surgery,2026,Letter,English,0,[],[],[],,[],[],[],,411,1,,,"NA, 2026, Langenbeck S Archives of Surgery"
SCOPUS,105028793456,10.1038/s41598-025-33765-2,41469787,"Machine learning helps predict early onset psychosis with serum protein biomarkers, neuropsychometry, and clinicodemographic data",SCIENTIFIC REPORTS,Scientific Reports,2026,Article,English,1,[],[],[],,[],[],[],,16,1,,,"NA, 2026, Scientific Reports-a-b-c-d-e-f-g-h-i-j-k-l-m-n-o-p"
SCOPUS,105028672593,10.1038/s41598-025-33610-6,41491863,Development of a multimodal magnetic resonance imaging-based machine learning prediction model for flight cadets,SCIENTIFIC REPORTS,Scientific Reports,2026,Article,English,0,[],[],[],,[],[],[],,16,1,,,"NA, 2026, Scientific Reports-a-b-c-d-e-f-g-h-i-j-k-l-m-n-o-p-q"
SCOPUS,105031510543,10.1007/s10751-026-02399-9,,Enhancement of spin polarized RI and muon beam imaging via machine learning techniques,INTERACTIONS,Interactions,2026,Article,English,0,[],[],[],,[],[],[],,247,1,,,"NA, 2026, Interactions-a-b"
SCOPUS,105030475967,10.1038/s41598-026-36868-6,41629571,Interpretable machine learning unveils non-linear inflammatory thresholds and synergistic interactions in post-burn hypertrophic scarring: development of an intelligent clinical decision support system,SCIENTIFIC REPORTS,Scientific Reports,2026,Article,English,0,[],[],[],,[],[],[],,16,1,,,"NA, 2026, Scientific Reports-a-b-c-d-e-f-g-h-i-j-k-l-m-n-o-p-q-r"
SCOPUS,105027372289,10.1186/s12879-025-12287-2,41366650,Development of a machine learning model for cardiovascular diseases risk prediction in older HIV/AIDS patients in Southern China from an eleven-year cohort study,BMC INFECTIOUS DISEASES,BMC Infectious Diseases,2026,Article,English,0,[],[],[],,[],[],[],,26,1,,,"NA, 2026, BMC Infectious Diseases"
SCOPUS,105037773327,10.1007/s12020-026-04614-7,42067689,Machine learning-based prediction model for Fear of progression in thyroid cancer survivors,ENDOCRINE,Endocrine,2026,Article,English,0,[],[],[],,[],[],[],,91,1,,,"NA, 2026, Endocrine"
SCOPUS,105031548760,10.1038/s43856-025-01230-w,,Machine learning models predict long COVID outcomes based on baseline clinical and immunologic factors,COMMUNICATIONS MEDICINE,Communications Medicine,2026,Article,English,1,[],[],[],,[],[],[],,6,1,,,"NA, 2026, Communications Medicine"
SCOPUS,105028315883,10.1186/s12893-025-03412-8,41408529,Clinical performance of machine-learning algorithms to predict intraoperative hypotension: a meta-analysis,BMC SURGERY,BMC Surgery,2026,Review,English,0,[],[],[],,[],[],[],,26,1,,,"NA, 2026, BMC Surgery"
SCOPUS,105029516908,10.1007/s00384-026-05100-2,41642369,Integrative bioinformatics and machine learning approaches identify novel diagnostic signatures for oxaliplatin-resistant colorectal cancer,INTERNATIONAL JOURNAL OF COLORECTAL DISEASE,International Journal of Colorectal Disease,2026,Article,English,0,[],[],[],,[],[],[],,41,1,,,"NA, 2026, International Journal of Colorectal Disease"
SCOPUS,105026613944,10.1038/s41598-025-29514-0,41390675,Evaluating machine learning models for estimating evapotranspiration in Colombia’s Cauca River Valley,SCIENTIFIC REPORTS,Scientific Reports,2026,Article,English,1,[],[],[],,[],[],[],,16,1,,,"NA, 2026, Scientific Reports-a-b-c-d-e-f-g-h-i-j-k-l-m-n-o-p-q-r-s"
SCOPUS,105037503236,10.1186/s12896-026-01137-x,41862907,Interpretable machine learning reveals metabolomic signatures: biomarkers and mechanisms in acute vs chronic angle-closure glaucoma,BMC BIOTECHNOLOGY,BMC Biotechnology,2026,Article,English,0,[],[],[],,[],[],[],,26,1,,,"NA, 2026, BMC Biotechnology"
SCOPUS,105029427138,10.1007/s44163-025-00801-z,,Optimizing machine learning models with multi feature selection for EEG analysis in second language acquisition research,DISCOVER ARTIFICIAL INTELLIGENCE,Discover Artificial Intelligence,2026,Article,English,0,[],[],[],,[],[],[],,6,1,,,"NA, 2026, Discover Artificial Intelligence-a-b-c-d-e-f-g-h-i-j"
SCOPUS,105022761631,10.1007/s10822-025-00719-9,41286245,"pKa prediction for small molecules: an overview of experimental, quantum, and machine learning-based approaches",JOURNAL OF COMPUTER AIDED MOLECULAR DESIGN,Journal of Computer Aided Molecular Design,2026,Article,English,1,[],[],[],,[],[],[],,40,1,,,"NA, 2026, Journal of Computer Aided Molecular Design"
SCOPUS,105026373406,10.1007/s00404-025-08271-5,41474475,Antepartum prediction of shoulder dystocia using machine learning,ARCHIVES OF GYNECOLOGY AND OBSTETRICS,Archives of Gynecology and Obstetrics,2026,Article,English,0,[],[],[],,[],[],[],,313,1,,,"NA, 2026, Archives of Gynecology and Obstetrics"
SCOPUS,105035718120,10.1038/s41598-026-47976-8,41965445,Using causal machine learning and real world data to improve dose response decision making for secukinumab in psoriatic arthritis,SCIENTIFIC REPORTS,Scientific Reports,2026,Article,English,0,[],[],[],,[],[],[],,16,1,,,"NA, 2026, Scientific Reports-a-b-c-d-e-f-g-h-i-j-k-l-m-n-o-p-q-r-s-t"
SCOPUS,105033509951,10.1038/s41598-026-43666-7,41796232,Identifying key gait features in stroke patients using wearable inertial sensors and supervised and unsupervised machine learning,SCIENTIFIC REPORTS,Scientific Reports,2026,Article,English,0,[],[],[],,[],[],[],,16,1,,,"NA, 2026, Scientific Reports-a-b-c-d-e-f-g-h-i-j-k-l-m-n-o-p-q-r-s-t-u"
SCOPUS,105037910907,10.1038/s41598-026-45271-0,41876622,Machine learning approach for adult age estimation using dental characteristics on panoramic radiographs,SCIENTIFIC REPORTS,Scientific Reports,2026,Article,English,0,[],[],[],,[],[],[],,16,1,,,"NA, 2026, Scientific Reports-a-b-c-d-e-f-g-h-i-j-k-l-m-n-o-p-q-r-s-t-u-v"
SCOPUS,105026125484,10.1007/s11701-025-03015-8,41460406,Developing and external validating a prediction model using machine learning and logistic regression: informing the surgical approach for robotic surgery based on preoperative MRI,JOURNAL OF ROBOTIC SURGERY,Journal of Robotic Surgery,2026,Article,English,0,[],[],[],,[],[],[],,20,1,,,"NA, 2026, Journal of Robotic Surgery"
SCOPUS,105028869432,10.1186/s12876-025-04511-9,41612209,Interpretable machine learning model for predicting 5-Year postoperative recurrence risk in patients with stage III colon cancer using preoperative laboratory tests: a two-centre study,BMC GASTROENTEROLOGY,BMC Gastroenterology,2026,Article,English,0,[],[],[],,[],[],[],,26,1,,,"NA, 2026, BMC Gastroenterology"
SCOPUS,105030444361,10.1038/s41598-026-36701-0,41617773,Computational framework and machine learning approach to fractional order soil helminth infections disease model for control mechanism,SCIENTIFIC REPORTS,Scientific Reports,2026,Article,English,0,[],[],[],,[],[],[],,16,1,,,"NA, 2026, Scientific Reports-a-b-c-d-e-f-g-h-i-j-k-l-m-n-o-p-q-r-s-t-u-v-w"
SCOPUS,105035924142,10.1186/s12978-025-02170-3,41808174,Implementing a machine learning model to predict continuation of contraception among women aged 15–49: secondary data analysis of the last 4 demographic and health surveys in the majority of West African countries,REPRODUCTIVE HEALTH,Reproductive Health,2026,Article,English,0,[],[],[],,[],[],[],,23,1,,,"NA, 2026, Reproductive Health"
SCOPUS,105033694040,10.1007/s41060-026-01092-y,,Machine learning-based adaptive optimization algorithm for Lipschitz continuity in biosignal telemetry,INTERNATIONAL JOURNAL OF DATA SCIENCE AND ANALYTICS,International Journal of Data Science and Analytics,2026,Article,English,0,[],[],[],,[],[],[],,22,1,,,"NA, 2026, International Journal of Data Science and Analytics-a-b"
SCOPUS,105030501713,10.1038/s41598-026-36834-2,41622297,Diagnosis and grading of steatotic liver disease via clinical and laboratory data using machine learning,SCIENTIFIC REPORTS,Scientific Reports,2026,Article,English,0,[],[],[],,[],[],[],,16,1,,,"NA, 2026, Scientific Reports-a-b-c-d-e-f-g-h-i-j-k-l-m-n-o-p-q-r-s-t-u-v-w-x"
SCOPUS,105033351102,10.1186/s12911-026-03356-w,41654807,Application of machine learning for the diagnosis and prognosis of sepsis-induced acute respiratory distress syndrome: a systematic review and meta-analysis,BMC MEDICAL INFORMATICS AND DECISION MAKING,BMC Medical Informatics and Decision Making,2026,Review,English,0,[],[],[],,[],[],[],,26,1,,,"NA, 2026, BMC Medical Informatics and Decision Making-a-b-c-d-e"
SCOPUS,105037668506,10.1007/s44196-026-01351-7,,A Data-driven Comprehensive Analysis of Occupational Health and Safety in Turkey: Application of Statistical and Machine Learning Approaches,INTERNATIONAL JOURNAL OF COMPUTATIONAL INTELLIGENCE SYSTEMS,International Journal of Computational Intelligence Systems,2026,Article,English,0,[],[],[],,[],[],[],,19,1,,,"NA, 2026, International Journal of Computational Intelligence Systems"
SCOPUS,105037941057,10.1007/s43939-026-00587-6,,Comparative evaluation of machine Learning-based QSPR techniques for predicting polymer glass transition temperature,DISCOVER MATERIALS,Discover Materials,2026,Article,English,0,[],[],[],,[],[],[],,6,1,,,"NA, 2026, Discover Materials"
SCOPUS,105027069104,10.1038/s41598-025-30314-9,41326647,Interpretable multiclassification machine learning models in predicting the extent of small cell lung cancer metastasis,SCIENTIFIC REPORTS,Scientific Reports,2026,Article,English,1,[],[],[],,[],[],[],,16,1,,,"NA, 2026, Scientific Reports-a-b-c-d-e-f-g-h-i-j-k-l-m-n-o-p-q-r-s-t-u-v-w-x-y"
SCOPUS,105033686826,10.1038/s41598-026-41005-4,41720923,Machine learning-based prediction of primary aldosteronism subtype using comprehensive clinical features,SCIENTIFIC REPORTS,Scientific Reports,2026,Article,English,0,[],[],[],,[],[],[],,16,1,,,"NA, 2026, Scientific Reports-a-b-c-d-e-f-g-h-i-j-k-l-m-n-o-p-q-r-s-t-u-v-w-x-y-z"
SCOPUS,105034686944,10.1186/s12957-026-04194-w,41742184,Machine learning for predicting high axillary nodal burden in breast cancer patients with positive sentinel lymph nodes,WORLD JOURNAL OF SURGICAL ONCOLOGY,World Journal of Surgical Oncology,2026,Article,English,0,[],[],[],,[],[],[],,24,1,,,"NA, 2026, World Journal of Surgical Oncology"
SCOPUS,105029401823,10.1186/s12879-025-12508-8,41495666,Predicting early infant diagnosis (EID) results for HIV exposed infants in a resource-limited setting using machine learning models: evidence from Amhara Public Health Institute data (2024/2025),BMC INFECTIOUS DISEASES,BMC Infectious Diseases,2026,Article,English,0,[],[],[],,[],[],[],,26,1,,,"NA, 2026, BMC Infectious Diseases-a"
SCOPUS,105030339729,10.1007/s44163-025-00721-y,,Performance centric review of machine learning techniques for electric vehicle powertrain with battery management and charging systems,DISCOVER ARTIFICIAL INTELLIGENCE,Discover Artificial Intelligence,2026,Review,English,0,[],[],[],,[],[],[],,6,1,,,"NA, 2026, Discover Artificial Intelligence-a-b-c-d-e-f-g-h-i-j-k"
SCOPUS,105028331603,10.1038/s41598-025-32658-8,41484242,Predicting sustainability performance in construction projects using machine learning: a comparative study,SCIENTIFIC REPORTS,Scientific Reports,2026,Article,English,2,[],[],[],,[],[],[],,16,1,,,"NA, 2026, Scientific Reports-a-b-c-d-e-f-g-h-i-j-k-l-m-n-o-p-q-r-s-t-u-v-w-x-y-z-{"
SCOPUS,105033516413,10.1038/s41598-026-40778-y,41748701,Integrating machine learning techniques for critical node identification in complex networks,SCIENTIFIC REPORTS,Scientific Reports,2026,Article,English,0,[],[],[],,[],[],[],,16,1,,,"NA, 2026, Scientific Reports-a-b-c-d-e-f-g-h-i-j-k-l-m-n-o-p-q-r-s-t-u-v-w-x-y-z-{-|"
SCOPUS,105027820881,10.1007/s00345-026-06213-7,41553501,Preoperative CT imaging and machine learning models for predicting ureteral access sheath placement success in non-stented patients with ureteral calculi: a retrospective cohort study,WORLD JOURNAL OF UROLOGY,World Journal of Urology,2026,Article,English,0,[],[],[],,[],[],[],,44,1,,,"NA, 2026, World Journal of Urology"
SCOPUS,105020241477,10.1007/s41939-025-01079-5,,In-depth exploration of optoelectronic and PV characteristics in lead-free Ca3BiF3 perovskite solar cells: numerical simulations and machine learning approaches,MULTISCALE AND MULTIDISCIPLINARY MODELING EXPERIMENTS AND DESIGN,Multiscale and Multidisciplinary Modeling Experiments and Design,2026,Article,English,2,[],[],[],,[],[],[],,9,1,,,"NA, 2026, Multiscale and Multidisciplinary Modeling Experiments and Design-a-b"
SCOPUS,105034609971,10.1007/s10143-026-04245-6,41896313,Navigating transcranial mr guided focused ultrasound complexities with machine learning: Overcoming obstacles and expanding therapeutic horizons,NEUROSURGICAL REVIEW,Neurosurgical Review,2026,Review,English,0,[],[],[],,[],[],[],,49,1,,,"NA, 2026, Neurosurgical Review"
SCOPUS,105034752061,10.1186/s12916-026-04725-y,41731547,Classification of ALS molecular subtypes: a literature review on machine learning applications and their clinical value,BMC MEDICINE,BMC Medicine,2026,Review,English,0,[],[],[],,[],[],[],,24,1,,,"NA, 2026, BMC Medicine"
SCOPUS,105026686355,10.1038/s41598-025-29860-z,41413111,Accurate prediction of hypoglycemia and hyperglycemia using machine learning in critically ill patients,SCIENTIFIC REPORTS,Scientific Reports,2026,Article,English,0,[],[],[],,[],[],[],,16,1,,,"NA, 2026, Scientific Reports-a-b-c-d-e-f-g-h-i-j-k-l-m-n-o-p-q-r-s-t-u-v-w-x-y-z-{-|-}"
SCOPUS,105029957104,10.1007/s10791-026-09997-9,,Comparative evaluation of machine learning algorithms for Alzheimer’s disease detection,DISCOVER COMPUTING,Discover Computing,2026,Article,English,0,[],[],[],,[],[],[],,29,1,,,"NA, 2026, Discover Computing-a-b-c-d"
SCOPUS,105026378836,10.5267/j.ijdns.2025.9.020,,Machine learning applications in digital advertising performance optimization: A systematic literature review,INTERNATIONAL JOURNAL OF DATA AND NETWORK SCIENCE,International Journal of Data and Network Science,2026,Article,English,0,[],[],[],,[],[],[],,10,1,273,290,"NA, 2026, International Journal of Data and Network Science"
SCOPUS,105027775337,10.1038/s41467-025-67393-1,41372235,Reading the immune clock: a machine learning model predicts mouse immune age from cellular patterns,NATURE COMMUNICATIONS,Nature Communications,2026,Article,English,0,[],[],[],,[],[],[],,17,1,,,"NA, 2026, Nature Communications-a"
SCOPUS,105033507165,10.1038/s41598-026-39207-x,41688523,Study on pore features in sintered die-attach microstructures based on machine learning,SCIENTIFIC REPORTS,Scientific Reports,2026,Article,English,0,[],[],[],,[],[],[],,16,1,,,"NA, 2026, Scientific Reports-a-b-c-d-e-f-g-h-i-j-k-l-m-n-o-p-q-r-s-t-u-v-w-x-y-z-{-|-}-~"
SCOPUS,105029766200,10.1007/s43621-026-02585-3,,Linear and machine learning analysis of ESG performance and carbon emission reduction Pathways,DISCOVER SUSTAINABILITY,Discover Sustainability,2026,Article,English,0,[],[],[],,[],[],[],,7,1,,,"NA, 2026, Discover Sustainability-a"
SCOPUS,105033349017,10.1038/s41598-026-41988-0,41792362,Objective assessment of familiarity in music using imagery and EEG-based machine learning,SCIENTIFIC REPORTS,Scientific Reports,2026,Article,English,0,[],[],[],,[],[],[],,16,1,,,"NA, 2026, Scientific Reports-a-b-c-d-e-f-g-h-i-j-k-l-m-n-o-p-q-r-s-t-u-v-w-x-y-z-{-|-}-~-"
SCOPUS,105029378671,10.1186/s13048-025-01956-0,41501917,"Interpreting the molecular and cellular landscape of PCOS through bulk transcriptomics, single-cell transcriptomics and machine learning",JOURNAL OF OVARIAN RESEARCH,Journal of Ovarian Research,2026,Article,English,0,[],[],[],,[],[],[],,19,1,,,"NA, 2026, Journal of Ovarian Research"
SCOPUS,105037479178,10.1007/s10791-026-10085-1,,"A review of quantum machine learning algorithms, applications, and emerging advantages",DISCOVER COMPUTING,Discover Computing,2026,Review,English,0,[],[],[],,[],[],[],,29,1,,,"NA, 2026, Discover Computing-a-b-c-d-e"
SCOPUS,105029779202,10.1186/s12938-025-01494-2,41546000,Predicting the diabetic foot in patients with type 2 diabetes mellitus based on machine learning,BIOMEDICAL ENGINEERING ONLINE,Biomedical Engineering Online,2026,Article,English,0,[],[],[],,[],[],[],,25,1,,,"NA, 2026, Biomedical Engineering Online"
SCOPUS,105028909364,10.1038/s41598-025-26179-7,41519915,Predicting risk of inadequate micronutrient intake with transferable machine learning models,SCIENTIFIC REPORTS,Scientific Reports,2026,Article,English,0,[],[],[],,[],[],[],,16,1,,,"NA, 2026, Scientific Reports-a-b-c-d-e-f-g-h-i-j-k-l-m-n-o-p-q-r-s-t-u-v-w-x-y-z-{-|-}-~--"
SCOPUS,105028853948,10.1186/s12888-025-07730-2,41454232,"Development, validation, and visualization of a machine learning-based predictive model for depression risk in sleep disorder patients",BMC PSYCHIATRY,BMC Psychiatry,2026,Article,English,0,[],[],[],,[],[],[],,26,1,,,"NA, 2026, BMC Psychiatry-a"
SCOPUS,105037425152,10.1007/s10916-026-02393-2,42053683,Comparative Analysis of Large Language Models and Machine Learning for ASA Classification Using Structured Electronic Health Record Data,JOURNAL OF MEDICAL SYSTEMS,Journal of Medical Systems,2026,Article,English,0,[],[],[],,[],[],[],,50,1,,,"NA, 2026, Journal of Medical Systems"
SCOPUS,105034325437,10.1038/s41598-025-34452-y,41813670,A thinking innovation strategy based Northern goshawk optimizer enhanced extreme learning machine for bankruptcy prediction problems,SCIENTIFIC REPORTS,Scientific Reports,2026,Article,English,0,[],[],[],,[],[],[],,16,1,,,"NA, 2026, Scientific Reports-a-b-c-d-e-f-g-h-i-j-k-l-m-n-o-p-q-r-s-t-u-v-w-x-y-z-{-|-}-~---"
SCOPUS,105026386865,10.1038/s41598-025-99496-6,41476106,Predicting pathological complete response to breast cancer neoadjuvant therapy using multi-combination machine learning models based on vision transformer features,SCIENTIFIC REPORTS,Scientific Reports,2026,Article,English,0,[],[],[],,[],[],[],,16,1,,,"NA, 2026, Scientific Reports-a-b-c-d-e-f-g-h-i-j-k-l-m-n-o-p-q-r-s-t-u-v-w-x-y-z-{-|-}-~----"
SCOPUS,105027168721,10.1038/s41598-025-30640-y,41345446,Ensemble machine learning-based sensitivity and parametric assessment of headed stud shear connectors behavior in composite construction,SCIENTIFIC REPORTS,Scientific Reports,2026,Article,English,0,[],[],[],,[],[],[],,16,1,,,"NA, 2026, Scientific Reports-a-b-c-d-e-f-g-h-i-j-k-l-m-n-o-p-q-r-s-t-u-v-w-x-y-z-{-|-}-~-----"
SCOPUS,105028667700,10.1038/s41598-025-33396-7,41469439,A comparative study on advanced predictive modeling of thyroid cancer recurrence using multi algorithmic machine learning frameworks,SCIENTIFIC REPORTS,Scientific Reports,2026,Article,English,1,[],[],[],,[],[],[],,16,1,,,"NA, 2026, Scientific Reports-a-b-c-d-e-f-g-h-i-j-k-l-m-n-o-p-q-r-s-t-u-v-w-x-y-z-{-|-}-~------"
SCOPUS,105030448420,10.1038/s41598-026-37927-8,41617965,Early prediction of colonization by carbapenemase-producing enterobacterales at ICU admission using machine learning,SCIENTIFIC REPORTS,Scientific Reports,2026,Article,English,0,[],[],[],,[],[],[],,16,1,,,"NA, 2026, Scientific Reports-a-b-c-d-e-f-g-h-i-j-k-l-m-n-o-p-q-r-s-t-u-v-w-x-y-z-{-|-}-~------- "
SCOPUS,105029978433,10.1038/s41598-026-36917-0,41580567,Machine learning application in colon cancer treatment outcome prediction,SCIENTIFIC REPORTS,Scientific Reports,2026,Article,English,0,[],[],[],,[],[],[],,16,1,,,"NA, 2026, Scientific Reports-a-b-c-d-e-f-g-h-i-j-k-l-m-n-o-p-q-r-s-t-u-v-w-x-y-z-{-|-}-~------- -"
SCOPUS,105027337874,10.1186/s12882-025-04676-1,41350694,Development and validation of an explainable machine learning model for predicting acute kidney injury after robot-assisted partial nephrectomy: a retrospective multicenter study,BMC NEPHROLOGY,BMC Nephrology,2026,Article,English,0,[],[],[],,[],[],[],,27,1,,,"NA, 2026, BMC Nephrology"
SCOPUS,105026395068,10.1038/s41598-025-29175-z,41353501,Analysis of cultivated land changes and driving factors in the Alar Reclamation Area (1990–2019) based on multi-temporal Landsat data and machine learning algorithms,SCIENTIFIC REPORTS,Scientific Reports,2026,Article,English,1,[],[],[],,[],[],[],,16,1,,,"NA, 2026, Scientific Reports-a-b-c-d-e-f-g-h-i-j-k-l-m-n-o-p-q-r-s-t-u-v-w-x-y-z-{-|-}-~------- --"
SCOPUS,105034639148,10.1038/s41598-026-41045-w,41741612,Comparative assessment of machine learning models for polymer solution viscosity prediction in enhanced oil recovery,SCIENTIFIC REPORTS,Scientific Reports,2026,Article,English,0,[],[],[],,[],[],[],,16,1,,,"NA, 2026, Scientific Reports-a-b-c-d-e-f-g-h-i-j-k-l-m-n-o-p-q-r-s-t-u-v-w-x-y-z-{-|-}-~------- ---"
SCOPUS,105036128840,10.1038/s41598-026-42700-y,41803408,Opportunistic screening data for early prediction of GDM in Northern Chinese women: a multicenter machine learning study,SCIENTIFIC REPORTS,Scientific Reports,2026,Article,English,0,[],[],[],,[],[],[],,16,1,,,"NA, 2026, Scientific Reports-a-b-c-d-e-f-g-h-i-j-k-l-m-n-o-p-q-r-s-t-u-v-w-x-y-z-{-|-}-~------- ----"
SCOPUS,105036905728,10.1038/s41598-026-48590-4,42031953,A hybrid grey wolf optimized eXtreme gradient boosting-based machine learning model for hospital pharmaceutical demand forecasting,SCIENTIFIC REPORTS,Scientific Reports,2026,Article,English,0,[],[],[],,[],[],[],,16,1,,,"NA, 2026, Scientific Reports-a-b-c-d-e-f-g-h-i-j-k-l-m-n-o-p-q-r-s-t-u-v-w-x-y-z-{-|-}-~------- -----"
SCOPUS,105028253899,10.1038/s41598-025-32696-2,41436574,Integrating NMR and machine learning for pore-type driven rock classification in the heterogeneous Asmari carbonate reservoirs,SCIENTIFIC REPORTS,Scientific Reports,2026,Article,English,1,[],[],[],,[],[],[],,16,1,,,"NA, 2026, Scientific Reports-a-b-c-d-e-f-g-h-i-j-k-l-m-n-o-p-q-r-s-t-u-v-w-x-y-z-{-|-}-~------- ------"
SCOPUS,105029493132,10.1186/s12889-025-24999-w,41462134,Identifying determinants of unmet healthcare needs in South Korea: a comparison of machine learning approaches for precision public health,BMC PUBLIC HEALTH,BMC Public Health,2026,Article,English,0,[],[],[],,[],[],[],,26,1,,,"NA, 2026, BMC Public Health"
SCOPUS,105035365650,10.1038/s41598-026-41724-8,41781444,Source identification of sudden water pollution events in the Dongliao River using a hybrid machine learning framework,SCIENTIFIC REPORTS,Scientific Reports,2026,Article,English,0,[],[],[],,[],[],[],,16,1,,,"NA, 2026, Scientific Reports-a-b-c-d-e-f-g-h-i-j-k-l-m-n-o-p-q-r-s-t-u-v-w-x-y-z-{-|-}-~------- -------"
SCOPUS,105036275062,10.1186/s40793-026-00883-x,,Interpretable multi-omics machine learning reveals drought-driven shifts in plant-microbe interactions,ENVIRONMENTAL MICROBIOME,Environmental Microbiome,2026,Article,English,0,[],[],[],,[],[],[],,21,1,,,"NA, 2026, Environmental Microbiome"
SCOPUS,105027302606,10.1038/s41598-025-31600-2,41361590,Development of machine learning-based models for predicting sarcopenia risk in stroke patients and analysis of associated factors,SCIENTIFIC REPORTS,Scientific Reports,2026,Article,English,0,[],[],[],,[],[],[],,16,1,,,"NA, 2026, Scientific Reports-a-b-c-d-e-f-g-h-i-j-k-l-m-n-o-p-q-r-s-t-u-v-w-x-y-z-{-|-}-~------- --------"
SCOPUS,105033803091,10.1038/s41598-026-40125-1,41692851,Ensemble machine learning strategies for mineral prospectivity mapping under data scarcity,SCIENTIFIC REPORTS,Scientific Reports,2026,Article,English,0,[],[],[],,[],[],[],,16,1,,,"NA, 2026, Scientific Reports-a-b-c-d-e-f-g-h-i-j-k-l-m-n-o-p-q-r-s-t-u-v-w-x-y-z-{-|-}-~------- ---------"
SCOPUS,105031735204,10.1186/s12874-026-02778-4,41634608,Prediction of recurrent ischemic stroke using machine learning from real-world data,BMC MEDICAL RESEARCH METHODOLOGY,BMC Medical Research Methodology,2026,Article,English,0,[],[],[],,[],[],[],,26,1,,,"NA, 2026, BMC Medical Research Methodology"
SCOPUS,105029085236,10.1038/s41746-025-02286-7,,Machine learning-enabled spatial multi-omics uncovers lactate-driven targets and tumor microenvironmental reprogramming in cancer,NPJ DIGITAL MEDICINE,Npj Digital Medicine,2026,Article,English,5,[],[],[],,[],[],[],,9,1,,,"NA, 2026, Npj Digital Medicine-a"
SCOPUS,105033517632,10.1038/s41598-026-43410-1,41807534,Integration of machine learning and microstructural characterization for strength forecasting with silica fume and M-sand for sustainable concrete,SCIENTIFIC REPORTS,Scientific Reports,2026,Article,English,0,[],[],[],,[],[],[],,16,1,,,"NA, 2026, Scientific Reports-a-b-c-d-e-f-g-h-i-j-k-l-m-n-o-p-q-r-s-t-u-v-w-x-y-z-{-|-}-~------- ----------"
SCOPUS,105035375181,10.1186/s12938-026-01543-4,41781986,Machine learning algorithms for predicting quality of life improvements after digital orthodontic treatment: a retrospective analysis,BIOMEDICAL ENGINEERING ONLINE,Biomedical Engineering Online,2026,Article,English,0,[],[],[],,[],[],[],,25,1,,,"NA, 2026, Biomedical Engineering Online-a"
SCOPUS,105034691496,10.1038/s41598-026-39579-0,41735410,Using machine learning algorithms to study the relationship between meteorological conditions and air quality parameters,SCIENTIFIC REPORTS,Scientific Reports,2026,Article,English,0,[],[],[],,[],[],[],,16,1,,,"NA, 2026, Scientific Reports-a-b-c-d-e-f-g-h-i-j-k-l-m-n-o-p-q-r-s-t-u-v-w-x-y-z-{-|-}-~------- -----------"
SCOPUS,105036129026,10.1007/s13721-026-00788-2,,Automated detection of adverse drug reactions from twitter and PsyTAR using supervised machine learning models,NETWORK MODELING ANALYSIS IN HEALTH INFORMATICS AND BIOINFORMATICS,Network Modeling Analysis in Health Informatics and Bioinformatics,2026,Article,English,0,[],[],[],,[],[],[],,15,1,,,"NA, 2026, Network Modeling Analysis in Health Informatics and Bioinformatics"
SCOPUS,105037626906,10.1186/s12891-026-09765-2,41882611,Machine learning–based prediction of rotator cuff tears using anatomical parameters: a retrospective cohort study,BMC MUSCULOSKELETAL DISORDERS,BMC Musculoskeletal Disorders,2026,Article,English,0,[],[],[],,[],[],[],,27,1,,,"NA, 2026, BMC Musculoskeletal Disorders"
SCOPUS,105028969374,10.1038/s41597-026-06604-w,41611732,A Machine Learning approach for Total Water storage anomaly eXtension back to 1980 (ML-TWiX),SCIENTIFIC DATA,Scientific Data,2026,Article,English,0,[],[],[],,[],[],[],,13,1,,,"NA, 2026, Scientific Data-a"
SCOPUS,105028876374,10.1038/s41598-025-33785-y,41484414,Towards intelligent air quality forecasting using integrated machine learning framework with variational mode decomposition and catboost feature selection,SCIENTIFIC REPORTS,Scientific Reports,2026,Article,English,0,[],[],[],,[],[],[],,16,1,,,"NA, 2026, Scientific Reports-a-b-c-d-e-f-g-h-i-j-k-l-m-n-o-p-q-r-s-t-u-v-w-x-y-z-{-|-}-~------- ------------"
SCOPUS,105033802230,10.1038/s41598-026-38724-z,41688522,Harvesting insights: interpretable machine learning to understand environmental drivers of U.S. maize and soybean yield,SCIENTIFIC REPORTS,Scientific Reports,2026,Article,English,0,[],[],[],,[],[],[],,16,1,,,"NA, 2026, Scientific Reports-a-b-c-d-e-f-g-h-i-j-k-l-m-n-o-p-q-r-s-t-u-v-w-x-y-z-{-|-}-~------- -------------"
SCOPUS,105028366827,10.1186/s43251-025-00192-2,,Research on seismic performance optimization of cable-stayed bridge dampers based on machine learning,ADVANCES IN BRIDGE ENGINEERING,Advances in Bridge Engineering,2026,Article,English,0,[],[],[],,[],[],[],,7,1,,,"NA, 2026, Advances in Bridge Engineering"
SCOPUS,105035567862,10.1038/s41467-026-70288-4,41776191,Machine learning discovers numerous new computational principles supporting elementary motion detection,NATURE COMMUNICATIONS,Nature Communications,2026,Article,English,0,[],[],[],,[],[],[],,17,1,,,"NA, 2026, Nature Communications-a-b"
SCOPUS,105031514634,10.1007/s11676-026-02013-2,,Accuracy and biological plausibility of a machine learning-based transition matrix growth model for long-term mixed forest projections under climate change,JOURNAL OF FORESTRY RESEARCH,Journal of Forestry Research,2026,Article,English,1,[],[],[],,[],[],[],,37,1,,,"NA, 2026, Journal of Forestry Research"
SCOPUS,105027419499,10.1186/s12911-025-03309-9,41366380,Development and validation of a machine learning model for real-time blood glucose prediction for ICU patients,BMC MEDICAL INFORMATICS AND DECISION MAKING,BMC Medical Informatics and Decision Making,2026,Article,English,2,[],[],[],,[],[],[],,26,1,,,"NA, 2026, BMC Medical Informatics and Decision Making-a-b-c-d-e-f"
SCOPUS,105036130065,10.1186/s12911-026-03433-0,41826951,Predicting cognitive frailty in older adults: an explainable machine learning model integrating radiomics and clinical features,BMC MEDICAL INFORMATICS AND DECISION MAKING,BMC Medical Informatics and Decision Making,2026,Article,English,0,[],[],[],,[],[],[],,26,1,,,"NA, 2026, BMC Medical Informatics and Decision Making-a-b-c-d-e-f-g"
SCOPUS,105027037764,10.1038/s41598-025-24340-w,41507236,Selective classification with machine learning uncertainty estimates improves ACS prediction: a retrospective study in the prehospital setting,SCIENTIFIC REPORTS,Scientific Reports,2026,Article,English,0,[],[],[],,[],[],[],,16,1,,,"NA, 2026, Scientific Reports-a-b-c-d-e-f-g-h-i-j-k-l-m-n-o-p-q-r-s-t-u-v-w-x-y-z-{-|-}-~------- --------------"
SCOPUS,105034818544,10.1007/s00402-026-06256-w,41915077,Machine learning–based identification and ranking of risk factors for lumbar paraspinal muscle atrophy,ARCHIVES OF ORTHOPAEDIC AND TRAUMA SURGERY,Archives of Orthopaedic and Trauma Surgery,2026,Article,English,0,[],[],[],,[],[],[],,146,1,,,"NA, 2026, Archives of Orthopaedic and Trauma Surgery"
SCOPUS,105027293434,10.1186/s12885-025-14198-6,41350639,Automated machine learning-based unenhanced radiomics for identification of HER2-low breast cancers using diffusion-weighted imaging,BMC CANCER,BMC Cancer,2026,Article,English,0,[],[],[],,[],[],[],,26,1,,,"NA, 2026, BMC Cancer-a"
SCOPUS,105035217147,10.1186/s12957-026-04262-1,41772580,"Machine learning models based on tumoral, 4 mm-peritumoral, and combined radiomic features for evaluating the invasiveness of lung adenocarcinoma manifesting as ground-glass nodules",WORLD JOURNAL OF SURGICAL ONCOLOGY,World Journal of Surgical Oncology,2026,Article,English,0,[],[],[],,[],[],[],,24,1,,,"NA, 2026, World Journal of Surgical Oncology-a"
SCOPUS,105034406788,10.1186/s13098-026-02128-w,,Prediabetes and stroke risk in U.S. adults: a machine learning-based analysis with causal mediation insights,DIABETOLOGY AND METABOLIC SYNDROME,Diabetology and Metabolic Syndrome,2026,Article,English,0,[],[],[],,[],[],[],,18,1,,,"NA, 2026, Diabetology and Metabolic Syndrome"
SCOPUS,105037659244,10.1186/s12938-026-01547-0,41877085,Machine learning vs. radiomics for discriminating atypical cartilaginous tumors from benign enchondromas on MRI,BIOMEDICAL ENGINEERING ONLINE,Biomedical Engineering Online,2026,Article,English,0,[],[],[],,[],[],[],,25,1,,,"NA, 2026, Biomedical Engineering Online-a-b"
SCOPUS,105036585277,10.1038/s41598-026-43004-x,41813796,Machine learning-based prediction and identification of determinants of teenage pregnancy in ten East African countries,SCIENTIFIC REPORTS,Scientific Reports,2026,Article,English,0,[],[],[],,[],[],[],,16,1,,,"NA, 2026, Scientific Reports-a-b-c-d-e-f-g-h-i-j-k-l-m-n-o-p-q-r-s-t-u-v-w-x-y-z-{-|-}-~------- ---------------"
SCOPUS,105037187126,10.1038/s41598-026-41677-y,41826478,Interpretable machine learning with SHAP predicts honest behavior from personality traits and physiological data,SCIENTIFIC REPORTS,Scientific Reports,2026,Article,English,0,[],[],[],,[],[],[],,16,1,,,"NA, 2026, Scientific Reports-a-b-c-d-e-f-g-h-i-j-k-l-m-n-o-p-q-r-s-t-u-v-w-x-y-z-{-|-}-~------- ----------------"
SCOPUS,105033515727,10.1186/s12967-026-07790-2,41664193,Integrative machine learning identifies a TEAD4-driven endothelial program shaping drug sensitivity and microvascular invasion in HCC,JOURNAL OF TRANSLATIONAL MEDICINE,Journal of Translational Medicine,2026,Article,English,0,[],[],[],,[],[],[],,24,1,,,"NA, 2026, Journal of Translational Medicine"
SCOPUS,105030876046,10.1186/s12913-026-14121-0,41618271,Interpretable prediction of prolonged length of stay for patients undergoing lumbar disc herniation surgery based on machine learning and SHAP,BMC HEALTH SERVICES RESEARCH,BMC Health Services Research,2026,Article,English,0,[],[],[],,[],[],[],,26,1,,,"NA, 2026, BMC Health Services Research"
SCOPUS,105026855553,10.1038/s41746-025-02179-9,,Multi-dimensional omics integrated machine learning framework identifies macrophage-fibroblast-tumor co-infiltration patterns to predict prognosis in gastric cancer,NPJ DIGITAL MEDICINE,Npj Digital Medicine,2026,Article,English,1,[],[],[],,[],[],[],,9,1,,,"NA, 2026, Npj Digital Medicine-a-b"
SCOPUS,105028026666,10.1038/s42005-025-02452-z,,RNA regulation mechanisms study using physics-informed machine learning,COMMUNICATIONS PHYSICS,Communications Physics,2026,Article,English,0,[],[],[],,[],[],[],,9,1,,,"NA, 2026, Communications Physics"
SCOPUS,105029037570,10.1038/s41598-025-34468-4,41513846,Development and validation of a machine learning model for non-contact injury prediction based on lower limb strength asymmetry in professional football,SCIENTIFIC REPORTS,Scientific Reports,2026,Article,English,1,[],[],[],,[],[],[],,16,1,,,"NA, 2026, Scientific Reports-a-b-c-d-e-f-g-h-i-j-k-l-m-n-o-p-q-r-s-t-u-v-w-x-y-z-{-|-}-~------- -----------------"
SCOPUS,105037850625,10.1186/s12880-026-02380-6,42046023,Amyloid-beta statuses prediction with free water MR imaging features in Alzheimer’s disease using machine learning models,BMC MEDICAL IMAGING,BMC Medical Imaging,2026,Article,English,0,[],[],[],,[],[],[],,26,1,,,"NA, 2026, BMC Medical Imaging"
SCOPUS,105034649669,10.1038/s41598-026-36017-z,41735330,An evaluation of machine learning for soil analysis in internet of things-enabled smart farming,SCIENTIFIC REPORTS,Scientific Reports,2026,Article,English,1,[],[],[],,[],[],[],,16,1,,,"NA, 2026, Scientific Reports-a-b-c-d-e-f-g-h-i-j-k-l-m-n-o-p-q-r-s-t-u-v-w-x-y-z-{-|-}-~------- ------------------"
SCOPUS,105029943237,10.1186/s12903-026-07701-3,41555297,A machine learning-based predictive model for mandibular third molar extraction difficulty: incorporating multimodal features and SHAP analysis,BMC ORAL HEALTH,BMC Oral Health,2026,Article,English,0,[],[],[],,[],[],[],,26,1,,,"NA, 2026, BMC Oral Health-a"
SCOPUS,105027165377,10.1038/s41598-025-30650-w,41354871,Optimize a chain convenience store location prediction model by using MTS-machine learning methodology,SCIENTIFIC REPORTS,Scientific Reports,2026,Article,English,0,[],[],[],,[],[],[],,16,1,,,"NA, 2026, Scientific Reports-a-b-c-d-e-f-g-h-i-j-k-l-m-n-o-p-q-r-s-t-u-v-w-x-y-z-{-|-}-~------- -------------------"
SCOPUS,105030924745,10.1007/s10115-026-02698-1,,A novel hybrid approach for sentiment analysis: combining modified feature extraction with an arithmetic Gaussian kernel extreme learning machine,KNOWLEDGE AND INFORMATION SYSTEMS,Knowledge and Information Systems,2026,Article,English,0,[],[],[],,[],[],[],,68,1,,,"NA, 2026, Knowledge and Information Systems-a"
SCOPUS,105037652115,10.1186/s12911-026-03454-9,41864948,Machine learning algorithms for identifying tuberculous pericardial effusion: insights from a retrospective study in Vietnam,BMC MEDICAL INFORMATICS AND DECISION MAKING,BMC Medical Informatics and Decision Making,2026,Article,English,0,[],[],[],,[],[],[],,26,1,,,"NA, 2026, BMC Medical Informatics and Decision Making-a-b-c-d-e-f-g-h"
SCOPUS,105028258815,10.1186/s40635-026-00859-8,,Machine learning-driven prediction model for successful weaning of patients from mechanical ventilation in ICU,INTENSIVE CARE MEDICINE EXPERIMENTAL,Intensive Care Medicine Experimental,2026,Article,English,0,[],[],[],,[],[],[],,14,1,,,"NA, 2026, Intensive Care Medicine Experimental"
SCOPUS,105035450541,10.1007/s43673-026-00185-x,,"Machine learning for functional materials: insights from compositional, electronic, and dynamic processes",AAPPS BULLETIN,Aapps Bulletin,2026,Review,English,0,[],[],[],,[],[],[],,36,1,,,"NA, 2026, Aapps Bulletin"
SCOPUS,105029467320,10.1186/s12884-026-08634-z,41507878,"Machine learning analysis of pregnancy-related factors and stillbirth: a retrospective cohort study of 65,000 pregnant women in Shuyang, Suqian, Jiangsu, China, 2019–2024",BMC PREGNANCY AND CHILDBIRTH,BMC Pregnancy and Childbirth,2026,Article,English,0,[],[],[],,[],[],[],,26,1,,,"NA, 2026, BMC Pregnancy and Childbirth"
SCOPUS,105031477724,10.1007/s11901-026-00724-y,,"Novel Approaches to Cirrhosis Prognostication – Recognizing the Role of Albumin, Hepatic Encephalopathy, and Machine-Learning Models",CURRENT HEPATOLOGY REPORTS,Current Hepatology Reports,2026,Review,English,0,[],[],[],,[],[],[],,25,1,,,"NA, 2026, Current Hepatology Reports"
SCOPUS,105026911780,10.1038/s41598-025-30082-6,41387523,"Optimizing energy, downtime, and throughput in footwear production through machine learning",SCIENTIFIC REPORTS,Scientific Reports,2026,Article,English,0,[],[],[],,[],[],[],,16,1,,,"NA, 2026, Scientific Reports-a-b-c-d-e-f-g-h-i-j-k-l-m-n-o-p-q-r-s-t-u-v-w-x-y-z-{-|-}-~------- --------------------"
SCOPUS,105029066077,10.1007/s12155-026-10962-z,,Microwave-Supported Extraction of Moringa Oleifera Oil with N-Hexane: Machine Learning Approaches Versus Response Surface Methodology Modeling,BIOENERGY RESEARCH,Bioenergy Research,2026,Article,English,0,[],[],[],,[],[],[],,19,1,,,"NA, 2026, Bioenergy Research"
SCOPUS,105035817140,10.1007/s44163-026-01057-x,,Enhanced cervical cancer classification using convolutional tsetlin machines with transfer learning,DISCOVER ARTIFICIAL INTELLIGENCE,Discover Artificial Intelligence,2026,Article,English,0,[],[],[],,[],[],[],,6,1,,,"NA, 2026, Discover Artificial Intelligence-a-b-c-d-e-f-g-h-i-j-k-l"
SCOPUS,105028658573,10.1186/s40068-025-00451-1,,Enhancing assimilated soil moisture prediction from environmental data using advanced machine learning,ENVIRONMENTAL SYSTEMS RESEARCH,Environmental Systems Research,2026,Article,English,0,[],[],[],,[],[],[],,15,1,,,"NA, 2026, Environmental Systems Research"
SCOPUS,105028371742,10.1186/s40643-025-00993-3,,"Anti-angiogenesis effect of Baiying Juhua Decoction on the non-small cell lung cancer: integrating pharmacology, multi-machine learning and experimental investigation",BIORESOURCES AND BIOPROCESSING,Bioresources and Bioprocessing,2026,Article,English,1,[],[],[],,[],[],[],,13,1,,,"NA, 2026, Bioresources and Bioprocessing"
SCOPUS,105034790482,10.1186/s12909-026-09072-3,41896886,Evaluating the effects of adjunct VR-haptic simulator practice in preclinical restorative training and predicting student performance using machine learning: a randomized controlled trial,BMC MEDICAL EDUCATION,BMC Medical Education,2026,Article,English,0,[],[],[],,[],[],[],,26,1,,,"NA, 2026, BMC Medical Education"
SCOPUS,105026456027,10.1186/s40069-025-00878-x,,Micrographic Evaluation of Carbon Nanotube Cement Composites via Machine Learning and Convolutional Neural Networks,INTERNATIONAL JOURNAL OF CONCRETE STRUCTURES AND MATERIALS,International Journal of Concrete Structures and Materials,2026,Article,English,1,[],[],[],,[],[],[],,20,1,,,"NA, 2026, International Journal of Concrete Structures and Materials-a"
SCOPUS,105034667648,10.1186/s13643-026-03111-2,41721428,Machine learning-assisted abstract screening on learning analytics: a step-by-step tutorial,SYSTEMATIC REVIEWS,Systematic Reviews,2026,Article,English,0,[],[],[],,[],[],[],,15,1,,,"NA, 2026, Systematic Reviews"
SCOPUS,105026352168,10.1186/s41935-025-00502-9,,Machine learning model for sex determination in adults based on two-dimensional cephalometric measurements of the mandibular symphysis,EGYPTIAN JOURNAL OF FORENSIC SCIENCES,Egyptian Journal of Forensic Sciences,2026,Article,English,0,[],[],[],,[],[],[],,16,1,,,"NA, 2026, Egyptian Journal of Forensic Sciences"
SCOPUS,105027555634,10.1007/s12672-025-04260-x,,Combining machine learning and molecular docking to unravel the molecular network of bladder cancer induced by 2-naphthylamine,DISCOVER ONCOLOGY,Discover Oncology,2026,Article,English,0,[],[],[],,[],[],[],,17,1,,,"NA, 2026, Discover Oncology"
SCOPUS,105024235142,10.1007/s41939-025-01126-1,,Machine learning-based surrogate model for bubble dynamics and cavitation behaviour under sinusoidal waves,MULTISCALE AND MULTIDISCIPLINARY MODELING EXPERIMENTS AND DESIGN,Multiscale and Multidisciplinary Modeling Experiments and Design,2026,Article,English,0,[],[],[],,[],[],[],,9,1,,,"NA, 2026, Multiscale and Multidisciplinary Modeling Experiments and Design-a-b-c"
SCOPUS,105033469960,10.1186/s12967-026-07847-2,41673881,A machine learning-based predictive model for radiosensitivity in nasopharyngeal carcinoma utilizing serum proteomics,JOURNAL OF TRANSLATIONAL MEDICINE,Journal of Translational Medicine,2026,Article,English,0,[],[],[],,[],[],[],,24,1,,,"NA, 2026, Journal of Translational Medicine-a"
SCOPUS,105027044591,10.1186/s12888-025-07659-6,41340095,An interpretable machine learning model for predicting sleep disturbances in adolescents with mood disorders: the key role of psychological factors,BMC PSYCHIATRY,BMC Psychiatry,2026,Article,English,0,[],[],[],,[],[],[],,26,1,,,"NA, 2026, BMC Psychiatry-a-b"
SCOPUS,105029917835,10.1038/s41598-026-37475-1,41588159,Automated weed segmentation with knowledge based labeling for machine learning applications,SCIENTIFIC REPORTS,Scientific Reports,2026,Article,English,0,[],[],[],,[],[],[],,16,1,,,"NA, 2026, Scientific Reports-a-b-c-d-e-f-g-h-i-j-k-l-m-n-o-p-q-r-s-t-u-v-w-x-y-z-{-|-}-~------- ---------------------"
SCOPUS,105028979145,10.1038/s43247-026-03238-z,,Rewiring climate modeling with machine learning emulators,COMMUNICATIONS EARTH AND ENVIRONMENT,Communications Earth and Environment,2026,Review,English,0,[],[],[],,[],[],[],,7,1,,,"NA, 2026, Communications Earth and Environment"
